x, "1", "10", "102", "1024", "109", "112", "12", "128", "1280", "13", "1344", "14", "1408", "144", "1536", "16", "160", "1600", "1632", "170", "176", "18", "19", "192", "2", "200", "208", "21", "224", "24", "240", "248", "25", "256", "27", "272", "28", "280", "288", "3", "304", "32", "320", "3200", "336", "352", "36", "38", "384", "4", "416", "42", "448", "48", "480", "4992", "5", "51", "512", "54", "544", "56", "576", "6", "64", "640", "672", "7", "704", "73", "76", "768", "8", "80", "848", "85", "880", "9", "96", "960"
"1", 159, 233, 0, 0, 0, 0, 2, 0, 0, 0, 0, 868, 0, 0, 0, 0, 0, 0, 0, 0, 0, 0, 1, 0, 1, 0, 0, 2, 0, 1, 0, 0, 0, 0, 0, 0, 0, 0, 0, 8, 0, 0, 0, 0, 0, 0, 0, 0, 0, 2, 0, 0, 0, 0, 0, 0, 45, 0, 0, 0, 0, 0, 0, 3, 0, 0, 0, 0, 0, 0, 0, 0, 1, 0, 0, 0, 0, 0, 0, 0
"10", 11, 243929, 0, 0, 0, 0, 848, 2099, 0, 112, 0, 38, 0, 0, 0, 5381, 2, 0, 0, 0, 0, 91, 0, 732, 262, 0, 0, 8572, 0, 326, 0, 0, 20, 605, 16, 0, 302, 0, 0, 26, 0, 18865, 1, 0, 0, 0, 9, 2, 56, 391, 0, 409, 0, 1088, 0, 0, 10366, 19, 0, 12, 0, 11, 0, 170, 9500, 0, 0, 26, 0, 0, 0, 0, 3850, 0, 0, 2, 0, 1282, 1350, 0
"102", 0, 0, 1, 0, 0, 0, 22, 0, 0, 0, 0, 0, 0, 0, 0, 0, 0, 0, 0, 0, 0, 0, 0, 0, 0, 0, 0, 0, 0, 0, 0, 0, 224, 0, 0, 0, 0, 0, 0, 0, 0, 0, 0, 0, 0, 0, 0, 0, 0, 0, 0, 0, 0, 0, 0, 0, 0, 4, 0, 0, 0, 0, 0, 0, 1, 0, 0, 0, 0, 0, 4, 0, 0, 0, 0, 0, 0, 0, 0, 0
"1024", 0, 0, 0, 0, 0, 0, 0, 15, 0, 0, 0, 0, 0, 0, 7, 0, 0, 0, 0, 0, 0, 0, 0, 2, 0, 0, 0, 0, 0, 0, 0, 0, 0, 10, 0, 0, 0, 0, 0, 0, 0, 2, 0, 0, 0, 0, 0, 0, 6, 0, 0, 0, 0, 0, 0, 0, 0, 0, 2, 0, 0, 0, 0, 0, 4, 0, 0, 0, 2, 0, 0, 0, 0, 0, 0, 0, 0, 0, 0, 0
"109", 0, 0, 0, 0, 11, 0, 2, 4, 0, 4, 0, 0, 0, 0, 0, 0, 0, 0, 0, 0, 0, 1, 0, 0, 0, 0, 0, 0, 0, 0, 0, 0, 0, 3, 0, 0, 0, 0, 0, 0, 0, 1, 0, 0, 0, 0, 14, 0, 0, 0, 0, 1, 0, 0, 0, 0, 0, 0, 0, 0, 0, 0, 0, 0, 8, 0, 0, 0, 0, 0, 0, 0, 0, 0, 0, 0, 0, 1, 0, 0
"112", 0, 0, 0, 0, 0, 0, 0, 0, 0, 0, 0, 0, 0, 0, 0, 0, 0, 0, 0, 0, 0, 0, 0, 0, 0, 0, 1, 0, 0, 0, 0, 0, 0, 0, 0, 0, 0, 0, 0, 0, 0, 3, 0, 0, 0, 0, 0, 0, 0, 0, 0, 0, 0, 0, 0, 0, 0, 0, 0, 0, 0, 0, 0, 0, 0, 0, 0, 0, 0, 0, 0, 0, 0, 0, 0, 0, 0, 0, 0, 0
"12", 0, 1261, 0, 0, 0, 0, 31388, 295, 0, 15, 0, 11, 0, 0, 0, 9059, 2, 0, 0, 0, 0, 15, 1, 154, 554, 0, 0, 217, 0, 2834, 0, 0, 2688, 84, 0, 0, 0, 0, 0, 178, 0, 2449, 0, 0, 0, 0, 3, 0, 5, 9229, 0, 10, 0, 1631, 0, 0, 365, 230, 1, 1, 0, 0, 0, 5433, 1458, 0, 0, 154, 1, 0, 3, 0, 2082, 0, 0, 2, 0, 424, 250, 0
"128", 0, 1744, 124, 16, 0, 0, 426, 919810, 0, 47, 0, 61, 0, 5, 2, 18410, 365, 1, 0, 6, 0, 342, 0, 31689, 542, 5, 0, 4911, 57, 313, 0, 0, 281, 121902, 23, 0, 8, 0, 26, 36, 0, 101583, 212, 0, 0, 2, 31, 9, 5484, 1177, 0, 2450, 36, 12007, 0, 1, 487, 49, 1646, 17, 0, 3, 36, 118, 475075, 10, 0, 93, 0, 0, 42, 36, 2681, 0, 0, 273, 1, 1469, 25398, 0
"1280", 0, 0, 0, 0, 0, 0, 0, 4, 0, 0, 0, 0, 0, 0, 0, 0, 0, 0, 0, 0, 0, 0, 0, 0, 0, 0, 0, 0, 0, 0, 0, 0, 0, 14, 0, 0, 0, 0, 0, 0, 0, 0, 4, 0, 0, 0, 0, 0, 0, 0, 0, 0, 0, 0, 0, 0, 0, 0, 0, 0, 0, 0, 0, 0, 0, 0, 0, 0, 0, 0, 0, 0, 0, 0, 0, 0, 0, 0, 0, 0
"13", 0, 36, 0, 0, 0, 0, 21, 183, 0, 16108, 0, 17, 0, 0, 0, 301, 0, 0, 0, 0, 0, 4245, 2, 52, 6, 0, 0, 16, 0, 3, 0, 0, 17, 26, 1528, 0, 1, 0, 0, 7, 0, 621, 0, 0, 0, 0, 206, 9, 1, 4245, 0, 2, 0, 25, 0, 0, 80, 0, 0, 50, 0, 0, 0, 1668, 870, 0, 0, 24, 0, 28, 0, 0, 466, 0, 0, 2, 0, 7767, 62, 0
"1344", 0, 0, 0, 2, 0, 0, 0, 0, 0, 0, 0, 0, 0, 0, 0, 0, 0, 0, 0, 0, 0, 0, 0, 0, 0, 0, 0, 0, 0, 0, 0, 0, 0, 0, 0, 0, 0, 0, 0, 0, 0, 0, 0, 0, 0, 0, 0, 0, 0, 0, 0, 0, 0, 0, 0, 0, 0, 0, 0, 0, 0, 0, 0, 0, 0, 0, 0, 0, 0, 0, 0, 0, 0, 0, 0, 0, 0, 0, 0, 0
"14", 1102, 21, 0, 0, 0, 0, 5, 70, 0, 0, 0, 6120, 0, 0, 0, 59, 0, 0, 0, 0, 0, 23, 0, 10, 0, 0, 0, 107, 0, 0, 0, 0, 13, 51, 0, 0, 495, 0, 0, 69, 0, 122, 0, 0, 0, 0, 8, 0, 0, 29, 0, 133, 0, 3, 0, 0, 24, 0, 0, 0, 0, 64, 0, 209, 195, 0, 0, 585, 0, 0, 0, 0, 28, 0, 0, 1, 0, 15, 3, 0
"1408", 0, 0, 0, 0, 0, 0, 0, 0, 0, 0, 0, 0, 0, 0, 0, 0, 0, 0, 0, 0, 0, 0, 0, 1, 0, 0, 0, 0, 0, 0, 0, 0, 0, 0, 0, 0, 0, 0, 0, 0, 0, 0, 0, 0, 0, 0, 0, 0, 0, 0, 0, 0, 0, 0, 0, 0, 0, 0, 0, 0, 0, 0, 0, 0, 4, 0, 0, 0, 0, 0, 0, 0, 0, 0, 0, 0, 0, 0, 0, 0
"144", 0, 0, 0, 0, 0, 0, 0, 6, 0, 0, 0, 0, 0, 569, 0, 0, 0, 0, 0, 0, 0, 0, 0, 0, 0, 0, 0, 0, 0, 0, 0, 0, 0, 10, 0, 0, 0, 0, 0, 0, 0, 2, 0, 0, 0, 0, 0, 0, 0, 0, 0, 0, 0, 9, 0, 0, 0, 0, 0, 0, 0, 0, 0, 0, 2, 0, 0, 0, 0, 0, 0, 0, 0, 0, 0, 0, 0, 0, 0, 0
"1536", 0, 0, 0, 8, 0, 0, 0, 2, 0, 0, 0, 0, 0, 0, 126, 0, 0, 0, 0, 0, 0, 0, 0, 1, 0, 0, 0, 0, 0, 0, 0, 0, 0, 9, 0, 0, 0, 0, 0, 0, 0, 0, 0, 0, 0, 0, 0, 0, 1, 0, 0, 0, 0, 0, 0, 0, 0, 0, 6, 0, 0, 0, 0, 0, 0, 0, 0, 0, 0, 0, 0, 5, 0, 0, 0, 0, 0, 0, 0, 0
"16", 0, 13213, 3, 2, 0, 0, 1247, 31735, 0, 116, 0, 21, 0, 0, 0, 2.31465e+06, 0, 0, 0, 0, 0, 359, 48, 8568, 2840, 0, 0, 3376, 5, 3608, 0, 0, 77, 6975, 26, 0, 3, 0, 52, 132, 0, 309169, 34, 0, 0, 0, 24, 7, 279, 8748, 0, 534, 3, 101899, 4, 0, 6355, 25, 18, 1, 0, 0, 0, 828, 163253, 0, 0, 106, 0, 1, 0, 1, 68480, 0, 0, 14, 0, 556, 26113, 0
"160", 0, 0, 0, 0, 0, 0, 0, 313, 0, 0, 0, 0, 0, 0, 0, 15, 1966, 0, 0, 0, 0, 0, 0, 152, 0, 0, 0, 0, 111, 0, 0, 0, 0, 13, 0, 0, 0, 0, 0, 0, 0, 154, 0, 0, 0, 0, 0, 0, 0, 0, 0, 1, 0, 0, 0, 0, 0, 4, 0, 0, 0, 0, 0, 0, 55, 10, 0, 0, 0, 0, 0, 0, 3, 0, 0, 0, 0, 0, 151, 0
"1600", 0, 0, 0, 0, 0, 0, 0, 0, 0, 0, 0, 0, 0, 0, 0, 0, 0, 0, 4, 0, 0, 0, 0, 0, 0, 0, 0, 0, 0, 0, 0, 0, 0, 0, 0, 0, 0, 0, 0, 0, 0, 0, 0, 0, 0, 0, 0, 0, 0, 0, 0, 0, 0, 0, 0, 0, 0, 0, 0, 0, 0, 0, 0, 0, 2, 0, 0, 0, 0, 0, 0, 0, 0, 0, 0, 0, 0, 0, 0, 0
"1632", 0, 0, 0, 0, 0, 0, 0, 0, 4, 0, 0, 0, 0, 0, 0, 0, 0, 0, 0, 0, 0, 0, 0, 0, 0, 0, 0, 0, 0, 0, 0, 0, 0, 0, 0, 0, 0, 0, 0, 0, 0, 0, 0, 0, 0, 0, 0, 0, 0, 0, 0, 0, 0, 0, 0, 0, 0, 0, 0, 0, 0, 0, 0, 0, 0, 0, 0, 0, 0, 0, 0, 0, 0, 0, 0, 0, 0, 0, 0, 0
"170", 0, 0, 0, 0, 0, 0, 0, 0, 0, 0, 0, 0, 0, 0, 0, 0, 0, 0, 0, 3, 0, 0, 0, 0, 0, 0, 0, 0, 0, 0, 0, 0, 0, 0, 0, 0, 0, 0, 0, 0, 0, 0, 0, 0, 0, 0, 0, 0, 0, 0, 0, 0, 0, 0, 0, 0, 0, 0, 0, 0, 0, 0, 0, 0, 0, 0, 0, 0, 0, 0, 0, 0, 0, 0, 0, 122, 0, 0, 0, 0
"176", 0, 0, 0, 0, 0, 0, 0, 0, 0, 0, 0, 0, 0, 0, 0, 0, 0, 0, 0, 0, 0, 0, 0, 0, 0, 0, 1, 0, 0, 0, 0, 0, 0, 0, 0, 0, 0, 0, 0, 0, 0, 0, 0, 0, 0, 0, 0, 0, 0, 0, 0, 0, 0, 0, 0, 0, 0, 0, 0, 0, 0, 0, 0, 0, 0, 0, 0, 0, 0, 0, 0, 0, 0, 0, 0, 0, 0, 0, 0, 0
"18", 0, 47, 0, 0, 20, 0, 16, 181, 0, 3334, 0, 5, 0, 0, 0, 60, 0, 0, 0, 0, 0, 17389, 0, 6, 5, 0, 0, 181, 0, 2, 0, 0, 9, 59, 380, 0, 1, 0, 0, 0, 0, 170, 0, 0, 0, 0, 403, 0, 1, 239, 0, 17, 0, 21, 0, 0, 6, 0, 0, 103, 0, 0, 0, 2, 420, 0, 0, 0, 0, 5, 0, 0, 53, 0, 0, 2, 0, 9653, 23, 0
"19", 0, 1, 4, 0, 0, 0, 1, 2, 0, 2, 0, 0, 0, 0, 0, 97, 0, 0, 0, 0, 0, 0, 1688, 10, 0, 0, 0, 9, 0, 0, 0, 0, 11, 1, 0, 0, 0, 0, 0, 0, 0, 107, 0, 0, 0, 0, 0, 186, 0, 10, 0, 0, 0, 1, 0, 0, 0, 78, 0, 0, 0, 0, 0, 0, 14, 0, 0, 0, 0, 0, 2, 0, 4, 0, 0, 0, 0, 533, 16, 0
"192", 0, 810, 1, 0, 0, 3, 172, 26086, 0, 74, 0, 0, 0, 0, 0, 6499, 60, 0, 0, 0, 1, 13, 7, 657368, 172, 0, 34, 1379, 180, 351, 3, 4, 10, 7363, 62, 0, 2, 0, 225, 5, 0, 35424, 144, 0, 0, 0, 56, 38, 3767, 261, 4, 158, 83, 3785, 28, 0, 135, 2, 37, 9, 19, 2, 166, 52, 147665, 1, 0, 12, 0, 0, 1, 89, 1128, 0, 0, 4, 10, 79, 20678, 0
"2", 2, 1105, 0, 0, 0, 0, 271, 91, 0, 3, 0, 0, 0, 0, 0, 1872, 0, 0, 0, 0, 0, 22, 0, 33, 38527, 0, 0, 31, 0, 1054, 0, 0, 0, 48, 0, 0, 0, 0, 0, 321, 0, 774, 0, 0, 0, 0, 9, 0, 5, 11981, 0, 0, 0, 274, 0, 0, 5547, 0, 0, 0, 0, 0, 0, 10529, 402, 0, 0, 3, 0, 0, 0, 0, 4414, 0, 0, 0, 0, 215, 92, 0
"200", 0, 0, 0, 0, 0, 0, 0, 0, 0, 0, 0, 0, 0, 0, 0, 0, 0, 0, 0, 0, 0, 0, 0, 6, 0, 0, 0, 0, 0, 0, 0, 0, 0, 0, 0, 0, 0, 0, 0, 0, 0, 0, 0, 0, 0, 0, 0, 0, 0, 0, 0, 0, 0, 0, 0, 0, 0, 0, 0, 0, 0, 0, 0, 0, 0, 0, 0, 0, 0, 0, 0, 0, 0, 0, 0, 0, 0, 0, 0, 0
"208", 0, 0, 0, 0, 0, 0, 0, 1, 0, 0, 0, 0, 0, 0, 0, 0, 0, 0, 0, 0, 0, 0, 0, 26, 0, 0, 0, 0, 0, 0, 0, 0, 0, 0, 0, 0, 0, 0, 0, 0, 0, 3, 1, 0, 0, 0, 0, 0, 0, 0, 0, 0, 0, 0, 0, 0, 0, 0, 0, 0, 0, 0, 0, 0, 9, 0, 0, 0, 0, 0, 0, 0, 0, 0, 0, 0, 0, 0, 0, 0
"21", 0, 11261, 9, 0, 0, 0, 189, 6260, 0, 57, 0, 300, 0, 0, 0, 3202, 0, 0, 0, 0, 0, 98, 0, 1493, 44, 0, 0, 372699, 0, 86, 0, 0, 126, 2171, 27, 0, 59, 0, 0, 14, 0, 9487, 4, 0, 0, 0, 12, 12, 77, 66, 0, 6732, 0, 1636, 0, 0, 764, 7, 2, 14, 0, 144, 0, 45, 30318, 0, 0, 314, 0, 2, 8, 0, 523, 0, 0, 10, 0, 406, 1265, 0
"224", 0, 0, 0, 0, 0, 0, 0, 60, 0, 0, 0, 0, 0, 0, 0, 5, 136, 0, 0, 0, 0, 0, 0, 144, 0, 0, 2, 0, 3304, 0, 0, 0, 0, 61, 0, 0, 0, 0, 18, 0, 0, 149, 0, 0, 0, 0, 0, 0, 0, 0, 0, 0, 0, 0, 0, 0, 0, 0, 0, 0, 0, 0, 0, 0, 47, 0, 0, 0, 0, 0, 0, 0, 0, 0, 0, 0, 0, 2, 146, 0
"24", 0, 388, 0, 0, 0, 0, 2841, 646, 0, 23, 0, 2, 0, 0, 0, 3706, 0, 0, 0, 0, 0, 11, 2, 277, 437, 0, 0, 553, 0, 21129, 0, 0, 17, 87, 0, 0, 1, 0, 1, 59, 0, 14816, 0, 0, 0, 0, 14, 6, 18, 1348, 0, 71, 0, 340, 0, 0, 623, 7, 0, 5, 0, 0, 0, 253, 3666, 0, 0, 9, 0, 0, 0, 2, 36255, 0, 0, 0, 0, 102, 1839, 0
"240", 0, 0, 0, 0, 0, 0, 0, 0, 0, 0, 0, 0, 0, 0, 0, 0, 0, 0, 0, 0, 0, 0, 0, 3, 0, 0, 0, 0, 0, 0, 0, 0, 0, 0, 0, 0, 0, 0, 0, 0, 0, 0, 0, 0, 0, 0, 0, 0, 0, 0, 0, 0, 0, 0, 0, 0, 0, 0, 0, 0, 0, 0, 0, 0, 0, 0, 0, 0, 0, 0, 0, 0, 0, 0, 0, 0, 0, 0, 0, 0
"248", 0, 0, 0, 0, 0, 0, 0, 0, 0, 0, 0, 0, 0, 0, 0, 0, 0, 0, 0, 0, 0, 0, 0, 0, 0, 0, 0, 0, 0, 0, 0, 0, 0, 0, 0, 0, 0, 0, 0, 0, 0, 0, 0, 0, 0, 0, 0, 0, 0, 0, 0, 0, 0, 0, 0, 0, 0, 0, 0, 0, 0, 0, 0, 0, 0, 0, 0, 0, 0, 0, 0, 0, 0, 0, 0, 4, 0, 0, 0, 0
"25", 0, 48, 1, 0, 0, 0, 2637, 209, 0, 0, 0, 10, 0, 0, 0, 70, 0, 0, 0, 0, 0, 2, 0, 43, 1, 0, 0, 66, 0, 25, 0, 0, 7515, 75, 13, 0, 2, 0, 0, 2147, 0, 334, 0, 0, 0, 0, 1, 0, 6, 16, 0, 16, 0, 10, 0, 0, 10, 562, 0, 0, 0, 2, 0, 373, 771, 0, 0, 0, 0, 0, 36, 0, 41, 0, 0, 0, 0, 115, 11, 0
"256", 0, 401, 2, 5, 0, 0, 223, 100119, 18, 4, 0, 48, 0, 3, 3, 6092, 10, 0, 0, 16, 0, 114, 0, 15120, 96, 0, 0, 2470, 54, 109, 0, 0, 64, 823233, 5, 19, 3, 18, 102, 5, 1, 26287, 473, 22, 10, 7, 14, 0, 3510, 206, 38, 703, 81, 1449, 0, 0, 99, 0, 3611, 1, 0, 12, 4, 35, 72915, 11, 11, 17, 0, 0, 8, 103, 888, 0, 0, 162, 0, 405, 5992, 0
"27", 0, 172, 1, 0, 0, 0, 17, 612, 0, 640, 0, 5, 0, 0, 0, 47, 0, 0, 0, 0, 0, 1915, 2, 94, 2, 0, 0, 24, 0, 1, 0, 0, 45, 89, 13629, 0, 4, 0, 0, 0, 0, 375, 0, 0, 0, 0, 3415, 19, 0, 19, 0, 17, 0, 16, 0, 0, 34, 2, 0, 246, 0, 8, 0, 124, 1674, 0, 0, 28, 0, 1, 17, 0, 67, 0, 0, 0, 0, 9589, 73, 0
"272", 0, 0, 0, 0, 0, 0, 0, 0, 0, 0, 0, 0, 0, 0, 0, 0, 0, 0, 0, 0, 0, 0, 0, 0, 0, 0, 0, 0, 0, 0, 0, 0, 0, 16, 0, 0, 0, 0, 0, 0, 0, 3, 0, 0, 0, 0, 0, 0, 0, 0, 0, 0, 0, 0, 0, 0, 0, 0, 0, 0, 0, 0, 0, 0, 0, 0, 0, 0, 0, 0, 0, 0, 0, 0, 0, 0, 0, 0, 1, 0
"28", 0, 3, 0, 0, 0, 0, 4, 43, 0, 0, 0, 460, 0, 0, 0, 3, 0, 0, 0, 0, 0, 0, 0, 1, 0, 0, 0, 16, 0, 0, 0, 0, 0, 24, 0, 0, 1489, 0, 0, 1160, 0, 7, 0, 0, 0, 0, 4, 0, 0, 0, 0, 133, 0, 1, 0, 0, 0, 0, 0, 0, 0, 71, 0, 0, 50, 0, 0, 95, 0, 0, 0, 0, 1, 0, 0, 1, 0, 33, 0, 0
"280", 0, 0, 0, 0, 0, 0, 0, 4, 0, 0, 0, 0, 0, 0, 0, 0, 0, 0, 0, 0, 0, 0, 0, 0, 0, 0, 0, 0, 0, 0, 0, 0, 0, 14, 0, 0, 0, 0, 0, 0, 0, 0, 0, 0, 0, 0, 0, 0, 0, 0, 0, 0, 0, 0, 0, 0, 0, 0, 0, 0, 0, 0, 0, 0, 0, 0, 0, 0, 0, 0, 0, 0, 0, 0, 0, 0, 0, 0, 0, 0
"288", 0, 0, 0, 0, 0, 0, 0, 39, 0, 0, 0, 0, 0, 0, 0, 67, 0, 0, 0, 0, 0, 0, 0, 284, 1, 0, 0, 0, 11, 10, 0, 0, 0, 233, 0, 0, 0, 0, 9490, 1, 0, 414, 17, 0, 0, 0, 0, 0, 5, 1, 0, 0, 0, 20, 20, 0, 0, 0, 0, 0, 0, 0, 0, 0, 124, 0, 0, 0, 0, 0, 0, 0, 5, 0, 0, 0, 0, 0, 631, 0
"3", 5, 95, 0, 0, 0, 0, 80, 26, 0, 0, 0, 73, 0, 0, 0, 93, 0, 0, 0, 0, 0, 0, 21, 10, 487, 0, 0, 232, 0, 8, 0, 0, 1319, 0, 0, 0, 826, 0, 0, 8264, 0, 332, 0, 0, 0, 0, 4, 80, 0, 216, 0, 1, 0, 21, 0, 0, 35, 0, 0, 0, 0, 0, 0, 1432, 143, 0, 0, 1118, 0, 0, 0, 0, 164, 0, 0, 0, 0, 922, 86, 0
"304", 0, 0, 0, 0, 0, 0, 0, 0, 0, 0, 0, 0, 0, 0, 0, 0, 0, 0, 0, 0, 0, 0, 0, 0, 0, 0, 0, 0, 0, 0, 0, 0, 0, 1, 0, 0, 0, 0, 0, 0, 0, 0, 0, 0, 0, 0, 0, 0, 0, 0, 0, 0, 0, 0, 0, 0, 0, 0, 0, 0, 0, 0, 0, 0, 0, 0, 0, 0, 0, 0, 0, 0, 0, 0, 0, 0, 0, 0, 0, 0
"32", 0, 14924, 8, 4, 0, 1, 1168, 123911, 0, 148, 0, 30, 0, 0, 4, 326910, 35, 0, 0, 28, 0, 262, 110, 33317, 3545, 0, 2, 13139, 40, 6593, 0, 0, 277, 22056, 87, 1, 11, 0, 292, 259, 0, 4.45326e+06, 55, 0, 0, 0, 80, 110, 1197, 6545, 2, 1107, 4, 43187, 34, 0, 4407, 92, 61, 27, 0, 2, 6, 825, 694716, 3, 1, 156, 0, 0, 2, 9, 23289, 0, 0, 35, 0, 952, 167281, 0
"320", 0, 6, 0, 0, 0, 0, 1, 169, 0, 0, 0, 0, 0, 0, 0, 16, 0, 0, 0, 0, 0, 0, 0, 170, 0, 0, 0, 9, 1, 0, 0, 0, 0, 404, 0, 0, 0, 0, 0, 0, 0, 66, 2298, 0, 0, 3, 0, 0, 274, 0, 8, 1, 26, 6, 0, 0, 3, 0, 3, 0, 0, 0, 5, 0, 273, 2, 0, 0, 0, 0, 0, 13, 1, 0, 0, 0, 0, 0, 31, 0
"3200", 0, 0, 0, 0, 0, 0, 0, 0, 0, 0, 0, 0, 0, 0, 0, 0, 0, 0, 0, 0, 0, 0, 0, 0, 0, 0, 0, 0, 0, 0, 0, 0, 0, 17, 0, 0, 0, 0, 0, 0, 0, 4, 0, 0, 0, 0, 0, 0, 0, 0, 0, 0, 0, 0, 0, 0, 0, 0, 0, 0, 0, 0, 0, 0, 1, 0, 0, 0, 0, 0, 0, 0, 0, 0, 0, 0, 0, 0, 0, 0
"336", 0, 0, 0, 0, 0, 0, 0, 0, 0, 0, 0, 0, 0, 0, 0, 0, 0, 0, 0, 0, 0, 0, 0, 0, 0, 0, 0, 0, 0, 0, 0, 0, 0, 1, 0, 0, 0, 0, 0, 0, 0, 0, 0, 0, 0, 0, 0, 0, 0, 0, 0, 0, 0, 0, 0, 0, 0, 0, 0, 0, 0, 0, 0, 0, 1, 0, 0, 0, 0, 0, 0, 8, 0, 0, 0, 0, 0, 0, 0, 0
"352", 0, 0, 0, 0, 0, 0, 0, 3, 0, 0, 0, 0, 0, 0, 0, 1, 0, 0, 0, 0, 0, 0, 0, 0, 0, 0, 0, 0, 0, 0, 0, 0, 0, 4, 0, 0, 0, 0, 0, 0, 0, 3, 0, 0, 0, 1, 0, 0, 0, 0, 0, 0, 0, 0, 0, 0, 0, 0, 0, 0, 0, 0, 0, 0, 2, 0, 0, 0, 0, 0, 0, 0, 0, 0, 0, 0, 0, 0, 0, 0
"36", 0, 1, 0, 0, 15, 0, 2, 54, 0, 0, 0, 0, 0, 0, 0, 7, 0, 0, 0, 0, 0, 594, 0, 0, 0, 0, 0, 6, 0, 0, 0, 0, 0, 7, 2900, 0, 0, 0, 0, 0, 0, 21, 0, 0, 0, 0, 658, 0, 0, 783, 0, 0, 0, 0, 0, 0, 0, 0, 0, 14, 0, 0, 0, 16, 34, 0, 0, 0, 0, 21, 0, 0, 4, 0, 0, 0, 0, 236, 4, 0
"38", 0, 0, 17, 0, 0, 0, 0, 7, 0, 0, 0, 0, 0, 0, 0, 6, 0, 0, 0, 0, 0, 0, 298, 33, 0, 0, 0, 1, 0, 0, 0, 0, 0, 0, 5, 0, 0, 0, 0, 0, 0, 75, 0, 0, 0, 0, 2, 2674, 0, 0, 0, 2, 0, 3, 0, 0, 0, 15, 0, 0, 0, 0, 0, 0, 55, 0, 0, 0, 0, 0, 33, 0, 0, 0, 0, 0, 0, 19, 20, 0
"384", 0, 19, 0, 2, 0, 0, 1, 6367, 0, 0, 0, 0, 0, 0, 1, 259, 0, 0, 0, 0, 0, 5, 0, 3477, 3, 0, 0, 90, 1, 6, 0, 0, 6, 2712, 0, 0, 0, 0, 1, 0, 0, 1189, 261, 0, 0, 0, 0, 0, 51539, 30, 6, 18, 34, 60, 171, 0, 4, 0, 105, 0, 0, 0, 80, 7, 2639, 6, 0, 0, 12, 0, 0, 65, 98, 0, 0, 3, 0, 3, 1346, 0
"4", 1, 142, 0, 2, 4, 0, 21749, 291, 0, 8708, 0, 0, 0, 0, 0, 4050, 0, 0, 0, 0, 0, 370, 0, 99, 15736, 0, 0, 63, 0, 460, 0, 0, 1, 63, 161, 0, 0, 0, 0, 256, 0, 2602, 0, 0, 0, 0, 18, 0, 14, 108679, 0, 6, 0, 840, 0, 0, 1197, 0, 1, 0, 0, 0, 0, 1806, 2188, 0, 0, 15, 0, 0, 0, 0, 11671, 0, 0, 4, 0, 8343, 190, 0
"416", 0, 0, 0, 0, 0, 0, 0, 30, 0, 0, 0, 0, 4, 0, 0, 0, 0, 0, 0, 0, 0, 0, 0, 7, 0, 0, 0, 0, 0, 0, 0, 0, 0, 8, 0, 0, 0, 0, 0, 0, 0, 10, 2, 0, 0, 0, 0, 0, 3, 0, 90, 0, 0, 0, 0, 0, 0, 0, 0, 0, 0, 0, 2, 0, 3, 0, 0, 0, 0, 0, 0, 0, 1, 0, 0, 0, 0, 0, 0, 0
"42", 0, 237, 0, 0, 0, 0, 49, 2087, 0, 0, 0, 78, 0, 0, 0, 333, 0, 0, 0, 1, 0, 25, 1, 254, 1, 0, 0, 11493, 0, 35, 0, 0, 14, 465, 62, 0, 173, 0, 0, 0, 0, 700, 0, 0, 0, 0, 3, 0, 11, 6, 0, 35511, 0, 168, 0, 0, 7, 1, 0, 4, 0, 18, 0, 1, 1982, 0, 0, 2, 1, 0, 0, 0, 33, 0, 0, 263, 0, 1, 214, 0
"448", 0, 1, 0, 0, 0, 0, 0, 25, 0, 0, 0, 0, 0, 0, 0, 8, 0, 0, 0, 0, 0, 0, 0, 69, 1, 0, 0, 0, 0, 0, 0, 0, 0, 36, 0, 0, 0, 0, 0, 0, 0, 10, 11, 0, 0, 0, 0, 0, 70, 1, 0, 0, 356, 0, 0, 0, 0, 0, 0, 0, 0, 0, 0, 0, 60, 0, 0, 0, 0, 0, 0, 0, 5, 0, 0, 0, 0, 0, 4, 0
"48", 0, 477, 1, 0, 0, 0, 215, 2782, 0, 6, 0, 3, 0, 10, 0, 190240, 0, 0, 0, 2, 0, 3, 11, 1743, 324, 0, 0, 384, 0, 497, 0, 0, 11, 442, 12, 0, 0, 0, 10, 3, 0, 7249, 2, 0, 0, 0, 0, 1, 30, 540, 0, 296, 0, 47491, 0, 0, 783, 6, 7, 0, 0, 0, 1, 69, 13160, 0, 0, 4, 0, 0, 11, 27, 13466, 0, 0, 1, 0, 8, 1533, 0
"480", 0, 0, 0, 0, 0, 0, 0, 0, 0, 0, 0, 0, 0, 0, 0, 0, 0, 0, 0, 0, 0, 0, 0, 0, 0, 0, 0, 0, 0, 0, 0, 0, 0, 0, 0, 0, 0, 0, 44, 0, 0, 36, 0, 0, 0, 0, 0, 0, 125, 0, 0, 0, 0, 0, 94, 0, 0, 0, 0, 0, 0, 0, 23, 0, 4, 0, 0, 0, 0, 0, 0, 0, 0, 0, 0, 0, 0, 0, 31, 0
"4992", 0, 0, 0, 0, 0, 0, 0, 1, 0, 0, 0, 0, 0, 0, 0, 0, 0, 0, 0, 0, 0, 0, 0, 1, 0, 0, 0, 0, 0, 0, 0, 0, 0, 0, 0, 0, 0, 0, 0, 0, 0, 0, 0, 0, 0, 0, 0, 0, 0, 0, 0, 0, 0, 0, 0, 1, 0, 0, 0, 0, 0, 0, 0, 0, 0, 0, 0, 0, 0, 0, 0, 0, 0, 0, 0, 0, 0, 0, 0, 0
"5", 25, 6753, 0, 0, 0, 0, 121, 284, 0, 2, 0, 224, 0, 0, 0, 12470, 0, 0, 0, 0, 0, 13, 0, 59, 1656, 0, 0, 3108, 0, 3513, 0, 0, 1, 77, 1, 0, 2, 0, 0, 76, 0, 2567, 0, 0, 0, 0, 0, 0, 14, 1409, 0, 4, 0, 1053, 0, 0, 43476, 0, 0, 0, 0, 0, 0, 198, 1704, 0, 0, 10, 0, 0, 0, 2, 2546, 0, 0, 0, 0, 19, 370, 0
"51", 0, 0, 7, 0, 0, 0, 383, 142, 0, 0, 0, 0, 0, 0, 0, 3, 0, 0, 0, 0, 0, 0, 0, 0, 0, 0, 0, 8, 0, 3, 0, 0, 490, 40, 0, 0, 0, 0, 0, 0, 0, 10, 0, 0, 0, 0, 0, 0, 0, 0, 0, 0, 0, 0, 0, 0, 0, 494, 0, 0, 0, 0, 0, 130, 132, 0, 0, 0, 0, 0, 0, 0, 8, 0, 0, 0, 0, 5, 18, 0
"512", 0, 2, 0, 0, 0, 0, 0, 1891, 0, 0, 0, 0, 0, 0, 0, 16, 0, 0, 0, 0, 0, 0, 0, 200, 0, 0, 0, 7, 0, 0, 0, 0, 0, 2871, 0, 0, 0, 0, 5, 0, 0, 46, 10, 0, 0, 0, 0, 0, 320, 0, 0, 0, 0, 6, 0, 0, 0, 0, 8981, 0, 0, 0, 0, 0, 398, 0, 0, 0, 0, 0, 0, 23, 4, 0, 0, 1, 0, 0, 40, 0
"54", 0, 2, 0, 0, 0, 0, 0, 40, 0, 341, 0, 2, 0, 0, 0, 2, 0, 0, 0, 0, 0, 95, 0, 1, 3, 0, 0, 4, 0, 0, 0, 0, 0, 6, 132, 0, 0, 0, 0, 0, 0, 46, 0, 0, 0, 0, 9, 0, 0, 0, 0, 12, 0, 0, 0, 0, 0, 0, 0, 151, 0, 0, 0, 7, 36, 0, 0, 1, 0, 0, 0, 0, 7, 0, 0, 0, 0, 19, 0, 0
"544", 0, 0, 0, 0, 0, 0, 0, 1, 0, 0, 0, 0, 0, 0, 0, 0, 0, 0, 0, 0, 0, 0, 0, 2, 0, 0, 0, 0, 0, 1, 0, 0, 0, 0, 0, 0, 0, 0, 0, 0, 0, 1, 0, 0, 0, 0, 0, 0, 14, 0, 0, 0, 0, 0, 0, 0, 0, 0, 0, 0, 0, 0, 0, 0, 0, 0, 0, 0, 0, 0, 0, 0, 0, 0, 0, 0, 0, 0, 0, 0
"56", 0, 2, 0, 0, 0, 0, 0, 2, 0, 0, 0, 73, 0, 0, 0, 0, 0, 0, 0, 0, 0, 0, 0, 0, 0, 0, 0, 0, 0, 0, 0, 0, 0, 14, 0, 0, 98, 0, 0, 0, 0, 0, 0, 0, 0, 0, 0, 0, 0, 0, 0, 0, 0, 0, 0, 0, 0, 0, 0, 0, 0, 33, 0, 0, 11, 0, 0, 162, 0, 0, 0, 0, 0, 0, 0, 0, 0, 0, 0, 0
"576", 0, 0, 0, 2, 0, 0, 0, 27, 0, 0, 2, 0, 0, 0, 0, 2, 0, 5, 0, 0, 0, 0, 0, 113, 0, 0, 0, 0, 0, 0, 0, 0, 0, 19, 0, 0, 0, 0, 0, 0, 0, 33, 0, 0, 0, 0, 0, 0, 57, 0, 0, 0, 0, 34, 0, 0, 0, 0, 0, 0, 0, 0, 689, 0, 46, 2, 0, 0, 0, 0, 0, 0, 0, 0, 0, 0, 0, 0, 50, 0
"6", 8, 148, 0, 0, 0, 0, 6148, 126, 0, 1885, 0, 1, 0, 0, 0, 1449, 0, 0, 0, 0, 0, 8, 26, 42, 4413, 0, 0, 31, 0, 1472, 0, 0, 551, 16, 39, 0, 0, 0, 0, 1501, 0, 1020, 0, 0, 0, 0, 16, 6, 16, 1987, 0, 2, 0, 264, 0, 0, 390, 7, 0, 0, 0, 0, 0, 26746, 866, 0, 0, 59, 0, 4, 0, 0, 3775, 0, 0, 0, 0, 825, 74, 0
"64", 1, 7556, 77, 6, 0, 0, 989, 491018, 0, 174, 0, 109, 0, 0, 6, 85099, 285, 0, 0, 9, 0, 302, 7, 135826, 2007, 1, 0, 25345, 252, 2588, 0, 0, 352, 69646, 117, 0, 23, 0, 66, 82, 0, 705767, 215, 0, 0, 0, 187, 55, 2657, 3489, 0, 5187, 31, 51748, 1, 0, 2446, 230, 414, 124, 0, 25, 46, 432, 3.58848e+06, 4, 0, 161, 0, 5, 111, 23, 11594, 11, 0, 246, 2, 1385, 77718, 0
"640", 0, 0, 0, 0, 0, 0, 0, 13, 0, 0, 0, 0, 0, 0, 0, 1, 0, 0, 0, 0, 0, 0, 0, 0, 0, 0, 0, 0, 0, 0, 0, 0, 0, 17, 0, 0, 0, 0, 0, 0, 0, 0, 0, 0, 0, 0, 0, 0, 2, 0, 0, 0, 0, 1, 0, 0, 0, 0, 0, 0, 0, 0, 2, 0, 13, 9, 0, 0, 0, 0, 0, 0, 0, 0, 0, 0, 0, 0, 0, 0
"672", 0, 0, 0, 0, 0, 0, 0, 0, 0, 0, 0, 0, 0, 0, 0, 0, 0, 0, 0, 0, 0, 0, 0, 0, 0, 0, 0, 0, 0, 0, 0, 0, 0, 4, 0, 0, 0, 0, 0, 0, 0, 0, 0, 0, 0, 0, 0, 0, 0, 0, 0, 0, 0, 0, 0, 0, 0, 0, 0, 0, 0, 0, 0, 0, 7, 0, 0, 0, 0, 0, 0, 0, 0, 0, 0, 0, 0, 0, 1, 0
"7", 11, 8, 0, 0, 0, 0, 2, 36, 0, 0, 0, 917, 0, 0, 0, 61, 0, 0, 0, 0, 0, 2, 0, 12, 60, 0, 0, 651, 0, 0, 0, 0, 0, 44, 0, 0, 82, 0, 0, 1084, 0, 135, 0, 0, 0, 0, 0, 0, 1, 60, 0, 10, 0, 4, 0, 0, 17, 0, 0, 0, 0, 0, 0, 37, 162, 0, 0, 12826, 0, 0, 0, 0, 47, 0, 0, 0, 0, 34, 15, 0
"704", 0, 0, 0, 0, 0, 0, 0, 0, 0, 0, 0, 0, 0, 0, 0, 1, 0, 0, 0, 0, 0, 0, 0, 3, 0, 0, 0, 0, 0, 0, 0, 0, 0, 2, 0, 0, 0, 0, 0, 0, 0, 0, 0, 0, 0, 0, 0, 0, 8, 0, 0, 0, 0, 0, 0, 0, 0, 0, 0, 0, 0, 0, 0, 0, 2, 0, 0, 0, 24, 0, 0, 0, 0, 0, 0, 0, 0, 0, 0, 0
"73", 0, 0, 0, 0, 0, 0, 0, 3, 0, 0, 0, 0, 0, 0, 0, 0, 0, 0, 0, 0, 0, 5, 0, 0, 0, 0, 0, 0, 0, 0, 0, 0, 0, 0, 4, 0, 0, 0, 0, 0, 0, 4, 0, 0, 0, 0, 14, 0, 0, 0, 0, 0, 0, 0, 0, 0, 0, 0, 0, 4, 0, 0, 0, 0, 4, 0, 0, 0, 0, 5, 0, 0, 0, 0, 0, 0, 0, 29, 0, 0
"76", 0, 0, 0, 0, 0, 0, 0, 4, 0, 0, 0, 0, 0, 0, 0, 0, 0, 0, 0, 0, 0, 0, 7, 7, 0, 0, 0, 0, 0, 0, 0, 0, 203, 1, 0, 0, 0, 0, 0, 0, 0, 4, 0, 0, 0, 0, 0, 21, 0, 0, 0, 0, 0, 0, 0, 0, 0, 25, 0, 0, 0, 0, 0, 0, 7, 0, 0, 0, 0, 0, 300, 0, 0, 0, 0, 0, 0, 0, 0, 0
"768", 0, 0, 0, 0, 0, 0, 0, 23, 0, 0, 0, 0, 0, 0, 8, 2, 0, 0, 0, 0, 0, 0, 0, 42, 0, 0, 0, 0, 0, 0, 0, 0, 0, 76, 0, 0, 0, 0, 0, 0, 0, 14, 0, 0, 0, 0, 0, 0, 95, 0, 0, 0, 0, 3, 0, 0, 0, 0, 18, 0, 0, 0, 0, 0, 106, 0, 0, 0, 0, 0, 0, 851, 0, 0, 11, 0, 0, 0, 4, 7
"8", 1, 4076, 0, 0, 0, 0, 874, 3376, 0, 106, 0, 29, 0, 0, 0, 49860, 0, 0, 0, 0, 0, 22, 60, 1136, 5453, 0, 0, 225, 0, 43482, 0, 0, 18, 722, 6, 0, 9, 0, 0, 126, 0, 29912, 0, 0, 0, 0, 3, 11, 75, 18022, 1, 45, 2, 7949, 0, 0, 3610, 0, 1, 1, 0, 0, 0, 992, 17973, 0, 0, 284, 0, 0, 0, 0, 515351, 0, 0, 1, 0, 595, 3427, 0
"80", 0, 0, 0, 0, 0, 0, 0, 0, 0, 0, 0, 0, 0, 11, 0, 0, 0, 0, 0, 0, 0, 0, 0, 0, 0, 0, 0, 0, 0, 0, 0, 0, 0, 0, 0, 0, 0, 0, 0, 0, 0, 0, 0, 0, 0, 0, 0, 0, 0, 0, 0, 0, 0, 0, 0, 0, 0, 0, 0, 0, 0, 0, 0, 0, 0, 0, 0, 0, 0, 0, 0, 0, 0, 0, 0, 0, 0, 0, 0, 0
"848", 0, 0, 0, 0, 0, 0, 0, 0, 0, 0, 0, 0, 0, 0, 0, 0, 0, 0, 0, 0, 0, 0, 0, 4, 0, 0, 0, 0, 0, 0, 0, 0, 0, 0, 0, 0, 0, 0, 0, 0, 0, 0, 0, 0, 0, 0, 0, 0, 3, 0, 0, 0, 0, 0, 0, 0, 0, 0, 0, 0, 0, 0, 0, 0, 4, 0, 0, 0, 0, 0, 0, 0, 0, 0, 0, 0, 0, 0, 0, 0
"85", 0, 24, 0, 0, 0, 0, 2, 136, 0, 0, 0, 8, 0, 0, 0, 6, 0, 0, 0, 58, 0, 0, 0, 7, 0, 0, 0, 15, 0, 2, 0, 0, 0, 225, 1, 0, 4, 0, 0, 0, 0, 41, 0, 0, 0, 0, 0, 0, 0, 0, 0, 591, 0, 0, 0, 0, 0, 1, 0, 0, 0, 0, 0, 0, 33, 0, 0, 0, 0, 0, 0, 0, 4, 0, 0, 2169, 0, 8, 7, 0
"880", 0, 0, 0, 0, 0, 0, 0, 0, 0, 0, 0, 0, 0, 0, 0, 0, 0, 0, 0, 0, 0, 0, 0, 0, 0, 0, 0, 0, 0, 0, 0, 0, 0, 0, 0, 0, 0, 0, 0, 0, 0, 0, 0, 0, 0, 0, 0, 0, 0, 0, 0, 0, 0, 0, 0, 0, 0, 0, 0, 0, 0, 0, 0, 0, 13, 0, 0, 0, 0, 0, 0, 0, 0, 0, 0, 0, 0, 0, 0, 0
"9", 0, 551, 0, 0, 0, 0, 244, 257, 0, 6761, 0, 50, 0, 0, 0, 418, 0, 0, 0, 0, 0, 6456, 460, 92, 211, 0, 0, 153, 0, 6, 0, 0, 809, 60, 13769, 0, 0, 0, 0, 251, 0, 593, 0, 0, 0, 0, 159, 14, 4, 9486, 0, 3, 0, 62, 0, 0, 98, 13, 0, 130, 0, 0, 0, 1315, 1505, 0, 0, 50, 0, 0, 1, 0, 2123, 0, 0, 0, 0, 73183, 30, 0
"96", 0, 1080, 0, 1, 0, 0, 125, 9725, 0, 25, 0, 0, 1, 0, 0, 32510, 85, 0, 0, 2, 0, 12, 25, 21946, 233, 0, 0, 334, 56, 1030, 0, 0, 0, 2300, 18, 0, 1, 0, 1038, 23, 0, 217171, 38, 0, 0, 1, 1, 5, 954, 511, 11, 50, 0, 4652, 5, 0, 344, 0, 2, 2, 0, 0, 18, 66, 39448, 0, 0, 4, 0, 0, 0, 10, 2674, 0, 0, 20, 0, 85, 291304, 0
"960", 0, 0, 0, 0, 0, 0, 0, 2, 0, 0, 0, 0, 0, 0, 0, 0, 0, 0, 0, 0, 0, 0, 0, 0, 0, 0, 0, 0, 0, 0, 0, 0, 0, 5, 0, 0, 0, 0, 0, 0, 0, 0, 0, 0, 0, 0, 0, 0, 0, 0, 0, 0, 0, 0, 0, 0, 0, 0, 0, 0, 0, 0, 0, 0, 0, 0, 0, 0, 0, 0, 0, 0, 0, 0, 0, 0, 0, 0, 0, 0
"begin", 0, 4, 0, 0, 0, 0, 2, 1189, 0, 0, 0, 1, 0, 0, 1, 106, 2, 0, 0, 0, 0, 0, 0, 582, 2, 0, 0, 16, 2, 6, 0, 0, 0, 1309, 0, 0, 0, 0, 7, 0, 0, 543, 7, 0, 0, 0, 0, 0, 80, 1, 0, 2, 2, 96, 0, 1, 0, 0, 63, 0, 0, 0, 3, 0, 1305, 2, 0, 0, 0, 0, 0, 1, 7, 0, 0, 0, 0, 0, 356, 0